{"cameraMode":{"drawMode":0,"name":"Shaded","section":"Shading Mode"},"sceneLighting":true,"audioPlay":false,"sceneViewState":{"m_AlwaysRefresh":false,"showFog":true,"showSkybox":true,"showFlares":true,"showImageEffects":true,"showParticleSystems":true,"showVisualEffectGraphs":true,"m_FxEnabled":true},"in2DMode":false,"pivot":{"x":-8.037325859069825,"y":-1.9738175868988038,"z":-3.8817663192749025},"rotation":{"x":-0.2282765507698059,"y":-0.016852302476763727,"z":0.0044731805101037029,"w":-0.9736325740814209},"size":11.947654724121094,"orthographic":false}