{"cameraMode":{"drawMode":0,"name":"Shaded","section":"Shading Mode"},"sceneLighting":true,"audioPlay":false,"sceneViewState":{"m_AlwaysRefresh":false,"showFog":true,"showSkybox":true,"showFlares":true,"showImageEffects":true,"showParticleSystems":true,"showVisualEffectGraphs":true,"m_FxEnabled":true},"in2DMode":false,"pivot":{"x":-2.5977768898010256,"y":2.3970279693603517,"z":-13.809772491455079},"rotation":{"x":0.0031839043367654087,"y":-0.19486002624034882,"z":-0.0003566053928807378,"w":-0.9809659123420715},"size":10.405269622802735,"orthographic":false}