{"cameraMode":{"drawMode":0,"name":"Shaded","section":"Shading Mode"},"sceneLighting":true,"audioPlay":false,"sceneViewState":{"m_AlwaysRefresh":false,"showFog":true,"showSkybox":true,"showFlares":true,"showImageEffects":true,"showParticleSystems":true,"showVisualEffectGraphs":true,"m_FxEnabled":true},"in2DMode":false,"pivot":{"x":-23.206159591674806,"y":-0.9521656036376953,"z":4.631561756134033},"rotation":{"x":0.18807588517665864,"y":-0.27669841051101687,"z":0.05372313782572746,"w":0.9411263465881348},"size":35.13262939453125,"orthographic":false}