{"cameraMode":{"drawMode":0,"name":"Shaded","section":"Shading Mode"},"sceneLighting":true,"audioPlay":false,"sceneViewState":{"m_AlwaysRefresh":false,"showFog":true,"showSkybox":true,"showFlares":true,"showImageEffects":true,"showParticleSystems":true,"showVisualEffectGraphs":true,"m_FxEnabled":true},"in2DMode":false,"pivot":{"x":-7.736444473266602,"y":2.9265668392181398,"z":-5.776975631713867},"rotation":{"x":-0.17189054191112519,"y":-0.029114272445440294,"z":0.0054268972016870979,"w":-0.984825611114502},"size":11.371582984924317,"orthographic":false}