{"cameraMode":{"drawMode":0,"name":"Shaded","section":"Shading Mode"},"sceneLighting":false,"audioPlay":false,"sceneViewState":{"m_AlwaysRefresh":false,"showFog":true,"showSkybox":false,"showFlares":true,"showImageEffects":true,"showParticleSystems":true,"showVisualEffectGraphs":true,"m_FxEnabled":true},"in2DMode":false,"pivot":{"x":-0.0026097670197486879,"y":0.0023571066558361055,"z":0.05319872498512268},"rotation":{"x":-0.19808036088943482,"y":0.1177806481719017,"z":-0.02366844192147255,"w":-0.9729386568069458},"size":0.4584031105041504,"orthographic":false}